,input,output,a,b,SMILES
0,1a+2a,3aa,14,36,C(CC=C)CCCC.[SiH](CC)(CC)CC>>C(CC[Si](CC)(CC)CC)CCCCC
1,1a+2b,3ab,53,55,C(CC=C)CCCC.[SiH](C)(C)c1ccccc1>>C(CC[Si](C)(C)c1ccccc1)CCCCC
2,1a+2c,3ac,67,58,C(CC=C)CCCC.[SiH](c1ccccc1)(C)c1ccccc1>>C(CC[Si](c1ccccc1)(C)c1ccccc1)CCCCC
3,1a+2d,3ad,89,96,C(CC=C)CCCC.[SiH](c1ccccc1)(c1ccccc1)c1ccccc1>>C(CC[Si](c1ccccc1)(c1ccccc1)c1ccccc1)CCCCC
4,1a+2e,3ae,96,99,C(CC=C)CCCC.[SiH]([Si](C)(C)C)([Si](C)(C)C)[Si](C)(C)C>>C(CC[Si]([Si](C)(C)C)([Si](C)(C)C)[Si](C)(C)C)CCCCC
5,1a+2g,3ag,42,50,C(CC=C)CCCC.[SiH](C)(C)O[Si](CCCCCCCC)(C)C>>C(CC[Si](C)(C)O[Si](CCCCCCCC)(C)C)CCCCC
6,1a+2h,3ah,11,11,C(CC=C)CCCC.[SiH](O[Si](C)(C)C)(O[Si](C)(C)C)C>>C(CC[Si](O[Si](C)(C)C)(O[Si](C)(C)C)C)CCCCC
7,1a+2i,3ai,9,7,C(CC=C)CCCC.[SiH](O[Si](O[Si](C)(C)C)(O[Si](C)(C)C)C)(O[Si](O[Si](C)(C)C)(O[Si](C)(C)C)C)C>>[Si](O[Si](O[Si](C)(C)C)(O[Si](C)(C)C)C)(O[Si](O[Si](C)(C)C)(O[Si](C)(C)C)C)(CCCCCCCC)C
8,1a+2j,3aj,5,3,C(CC=C)CCCC.[SiH](O[Si](C)(C)C)(O[Si](C)(C)C)O[Si](C)(C)C>>C(CC[Si](O[Si](C)(C)C)(O[Si](C)(C)C)O[Si](C)(C)C)CCCCC
9,1a+2k,3ak,9,9,C(CC=C)CCCC.[SiH](OC(C)(C)C)(OC(C)(C)C)C>>C(CC[Si](OC(C)(C)C)(OC(C)(C)C)C)CCCCC
10,1c+2c,3cc,9,18,c1(CC=C)ccccc1.[SiH](c1ccccc1)(c1ccccc1)C>>C(CC[Si](c1ccccc1)(c1ccccc1)C)c1ccccc1
11,1c+2d,3cd,10,21,c1(CC=C)ccccc1.[SiH](c1ccccc1)(c1ccccc1)c1ccccc1>>C(CC[Si](c1ccccc1)(c1ccccc1)c1ccccc1)c1ccccc1
12,1c+2e,3ce,95,94,c1(CC=C)ccccc1.[SiH]([Si](C)(C)C)([Si](C)(C)C)[Si](C)(C)C>>C(CC[Si]([Si](C)(C)C)([Si](C)(C)C)[Si](C)(C)C)c1ccccc1
13,1d+2e,3de,78,0,c1(C=C)ccccc1.[SiH]([Si](C)(C)C)([Si](C)(C)C)[Si](C)(C)C>>C(C[Si]([Si](C)(C)C)([Si](C)(C)C)[Si](C)(C)C)c1ccccc1
14,1e+2e,3ee,95,0,c1(C(=C)C)ccccc1.[SiH]([Si](C)(C)C)([Si](C)(C)C)[Si](C)(C)C>>C(C[Si]([Si](C)(C)C)([Si](C)(C)C)[Si](C)(C)C)(c1ccccc1)C
15,1f+2e,3fe,53,0,c1(/C=C/C)ccccc1.[SiH]([Si](C)(C)C)([Si](C)(C)C)[Si](C)(C)C>>c1(CC(C)[Si]([Si](C)(C)C)([Si](C)(C)C)[Si](C)(C)C)ccccc1
18,1i+2b,3ib,7,33,C(C(=C)C)CC.[SiH](c1ccccc1)(C)C>>C(C(C[Si](C)(C)c1ccccc1)C)CC
19,1i+2c,3ic,39,51,C(C(=C)C)CC.[SiH](c1ccccc1)(c1ccccc1)C>>C(C(C[Si](c1ccccc1)(c1ccccc1)C)C)CC
20,1i+2d,3id,63,73,C(C(=C)C)CC.[SiH](c1ccccc1)(c1ccccc1)c1ccccc1>>C(C(C[Si](c1ccccc1)(c1ccccc1)c1ccccc1)C)CC
21,1i+2e,3ie,91,0,C(C(=C)C)CC.[SiH]([Si](C)(C)C)([Si](C)(C)C)[Si](C)(C)C>>C(C(C[Si]([Si](C)(C)C)([Si](C)(C)C)[Si](C)(C)C)C)CC
22,1j+2b,3jb,19,24,C1=CCCCC1.[SiH](c1ccccc1)(C)C>>C1C([Si](C)(C)c2ccccc2)CCCC1
23,1j+2c,3jc,23,37,C1=CCCCC1.[SiH](c1ccccc1)(c1ccccc1)C>>C1C([Si](c2ccccc2)(c2ccccc2)C)CCCC1
24,1j+2d,3jd,65,71,C1=CCCCC1.[SiH](c1ccccc1)(c1ccccc1)c1ccccc1>>C1C([Si](c2ccccc2)(c2ccccc2)c2ccccc2)CCCC1
25,1k+2d,3kb,18,29,[Si](CC=C)(c1ccccc1)(C)C.[SiH](c1ccccc1)(C)C>>[Si](CCC[Si](c1ccccc1)(C)C)(c1ccccc1)(C)C
26,1k+2c,3kc,21,26,[Si](CC=C)(c1ccccc1)(C)C.[SiH](c1ccccc1)(c1ccccc1)C>>[Si](CCC[Si](c1ccccc1)(c1ccccc1)C)(c1ccccc1)(C)C
27,1k+2d,3kd,25,29,[Si](CC=C)(c1ccccc1)(C)C.[SiH](c1ccccc1)(c1ccccc1)c1ccccc1>>[Si](CCC[Si](c1ccccc1)(c1ccccc1)c1ccccc1)(c1ccccc1)(C)C
28,1k+2e,3ke,85,0,[Si](CC=C)(c1ccccc1)(C)C.[SiH]([Si](C)(C)C)([Si](C)(C)C)[Si](C)(C)C>>[Si](CCC[Si]([Si](C)(C)C)([Si](C)(C)C)[Si](C)(C)C)(c1ccccc1)(C)C
29,1l+2b,3lb,33,35,[Si](CC=C)(OC)(OC)OC.[SiH](c1ccccc1)(C)C>>[Si](CCC[Si](c1ccccc1)(C)C)(OC)(OC)OC
30,1l+2c,3lc,52,38,[Si](CC=C)(OC)(OC)OC.[SiH](c1ccccc1)(c1ccccc1)C>>[Si](CCC[Si](c1ccccc1)(c1ccccc1)C)(OC)(OC)OC
31,1l+2d,3ld,67,52,[Si](CC=C)(OC)(OC)OC.[SiH](c1ccccc1)(c1ccccc1)c1ccccc1>>[Si](CCC[Si](c1ccccc1)(c1ccccc1)c1ccccc1)(OC)(OC)OC
32,1l+2e,3le,87,0,[Si](CC=C)(OC)(OC)OC.[SiH]([Si](C)(C)C)([Si](C)(C)C)[Si](C)(C)C>>[Si](CCC[Si]([Si](C)(C)C)([Si](C)(C)C)[Si](C)(C)C)(OC)(OC)OC
33,1m+2b,3mb,41,50,[Si](C=C)(CCCCC)(CCCCC)CCCCC.[SiH](c1ccccc1)(C)C>>[Si](CC[Si](c1ccccc1)(C)C)(CCCCC)(CCCCC)CCCCC
34,1m+2c,3mc,77,63,[Si](C=C)(CCCCC)(CCCCC)CCCCC.[SiH](c1ccccc1)(c1ccccc1)C>>[Si](CC[Si](c1ccccc1)(c1ccccc1)C)(CCCCC)(CCCCC)CCCCC
35,1m+2d,3md,83,87,[Si](C=C)(CCCCC)(CCCCC)CCCCC.[SiH](c1ccccc1)(c1ccccc1)c1ccccc1>>[Si](CC[Si](c1ccccc1)(c1ccccc1)c1ccccc1)(CCCCC)(CCCCC)CCCCC
36,1m+2e,3me,85,0,[Si](C=C)(CCCCC)(CCCCC)CCCCC.[SiH]([Si](C)(C)C)([Si](C)(C)C)[Si](C)(C)C>>[Si](CC[Si]([Si](C)(C)C)([Si](C)(C)C)[Si](C)(C)C)(CCCCC)(CCCCC)CCCCC
37,1n+2b,3nb,53,63,[Si](C=C)(C)(O[Si](C)(C)C)O[Si](C)(C)C.[SiH](c1ccccc1)(C)C>>[Si](CC[Si](c1ccccc1)(C)C)(O[Si](C)(C)C)(O[Si](C)(C)C)C
38,1n+2c,3nc,58,66,[Si](C=C)(C)(O[Si](C)(C)C)O[Si](C)(C)C.[SiH](c1ccccc1)(c1ccccc1)C>>[Si](CC[Si](c1ccccc1)(c1ccccc1)C)(O[Si](C)(C)C)(O[Si](C)(C)C)C
39,1n+2d,3nd,67,67,[Si](C=C)(C)(O[Si](C)(C)C)O[Si](C)(C)C.[SiH](c1ccccc1)(c1ccccc1)c1ccccc1>>[Si](CC[Si](c1ccccc1)(c1ccccc1)c1ccccc1)(O[Si](C)(C)C)(O[Si](C)(C)C)C
40,1n+2e,3ne,88,0,[Si](C=C)(C)(O[Si](C)(C)C)O[Si](C)(C)C.[SiH]([Si](C)(C)C)([Si](C)(C)C)[Si](C)(C)C>>[Si](CC[Si]([Si](C)(C)C)([Si](C)(C)C)[Si](C)(C)C)(O[Si](C)(C)C)(C)O[Si](C)(C)C
41,1o+2b,3ob,50,51,[Si](C=C)(C)(C)OCC.[SiH](c1ccccc1)(C)C>>[Si](CC[Si](c1ccccc1)(C)C)(C)(OCC)C
42,1o+2c,3oc,66,60,[Si](C=C)(C)(C)OCC.[SiH](c1ccccc1)(c1ccccc1)C>>[Si](CC[Si](c1ccccc1)(c1ccccc1)C)(C)(OCC)C
43,1o+2d,3od,65,82,[Si](C=C)(C)(C)OCC.[SiH](c1ccccc1)(c1ccccc1)c1ccccc1>>[Si](CC[Si](c1ccccc1)(c1ccccc1)c1ccccc1)(C)(OCC)C
44,1o+2e,3oe,92,0,[Si](C=C)(C)(OCC)C.[SiH]([Si](C)(C)C)([Si](C)(C)C)[Si](C)(C)C>>[Si](CC[Si]([Si](C)(C)C)([Si](C)(C)C)[Si](C)(C)C)(C)(C)OCC
45,1p+2b,3pb,34,34,[Si](C=C)(C)(OCC)OCC.[SiH](c1ccccc1)(C)C>>[Si](CC[Si](c1ccccc1)(C)C)(C)(OCC)OCC
46,1p+2c,3pc,48,48,[Si](C=C)(C)(OCC)OCC.[SiH](c1ccccc1)(c1ccccc1)C>>[Si](CC[Si](c1ccccc1)(c1ccccc1)C)(OCC)(OCC)C
47,1p+2d,3pd,59,59,[Si](C=C)(C)(OCC)OCC.[SiH](c1ccccc1)(c1ccccc1)c1ccccc1>>[Si](CC[Si](c1ccccc1)(c1ccccc1)c1ccccc1)(OCC)(OCC)C
48,1p+2e,3pe,80,0,[Si](C=C)(C)(OCC)OCC.[SiH]([Si](C)(C)C)([Si](C)(C)C)[Si](C)(C)C>>[Si](CC[Si]([Si](C)(C)C)([Si](C)(C)C)[Si](C)(C)C)(OCC)(C)OCC
49,1q+2b,3qb,33,21,C(C=C)O[Si](C)(C)C.[SiH](c1ccccc1)(C)C>>C(CC[Si](c1ccccc1)(C)C)O[Si](C)(C)C
50,1q+2c,3qc,47,33,C(C=C)O[Si](C)(C)C.[SiH](c1ccccc1)(c1ccccc1)C>>C(CC[Si](c1ccccc1)(c1ccccc1)C)O[Si](C)(C)C
51,1q+2d,3qd,51,65,C(C=C)O[Si](C)(C)C.[SiH](c1ccccc1)(c1ccccc1)c1ccccc1>>C(CC[Si](c1ccccc1)(c1ccccc1)c1ccccc1)O[Si](C)(C)C
52,1q+2e,3qe,84,0,C(C=C)O[Si](C)(C)C.[SiH]([Si](C)(C)C)([Si](C)(C)C)[Si](C)(C)C>>C(C[Si]([Si](C)(C)C)([Si](C)(C)C)[Si](C)(C)C)CO[Si](C)(C)C
53,1r+2b,3rb,9,12,C(C=C)OCCOCCOCCOC.[SiH](c1ccccc1)(C)C>>C(CC[Si](c1ccccc1)(C)C)OCCOCCOCCOC
54,1r+2c,3rc,36,25,C(C=C)OCCOCCOCCOC.[SiH](c1ccccc1)(c1ccccc1)C>>C(CC[Si](c1ccccc1)(c1ccccc1)C)OCCOCCOCCOC
55,1r+2d,3rd,39,39,C(C=C)OCCOCCOCCOC.[SiH](c1ccccc1)(c1ccccc1)c1ccccc1>>C(CC[Si](c1ccccc1)(c1ccccc1)c1ccccc1)OCCOCCOCCOC
56,1r+2e,3re,85,0,C(C=C)OCCOCCOCCOC.[SiH]([Si](C)(C)C)([Si](C)(C)C)[Si](C)(C)C>>C(C[Si]([Si](C)(C)C)([Si](C)(C)C)[Si](C)(C)C)COCCOCCOCCOC
57,1s+2b,3sb,13,14,C(C=C)OC(=O)OC(C)(C)C.[SiH](c1ccccc1)(C)C>>C(CC[Si](c1ccccc1)(C)C)OC(=O)OC(C)(C)C
58,1s+2c,3sc,29,26,C(C=C)OC(=O)OC(C)(C)C.[SiH](c1ccccc1)(c1ccccc1)C>>C(CC[Si](c1ccccc1)(c1ccccc1)C)OC(=O)OC(C)(C)C
59,1s+2d,3sd,40,43,C(C=C)OC(=O)OC(C)(C)C.[SiH](c1ccccc1)(c1ccccc1)c1ccccc1>>C(CC[Si](c1ccccc1)(c1ccccc1)c1ccccc1)OC(=O)OC(C)(C)C
60,1s+2e,3se,91,0,C(C=C)OC(=O)OC(C)(C)C.[SiH]([Si](C)(C)C)([Si](C)(C)C)[Si](C)(C)C>>C(C[Si]([Si](C)(C)C)([Si](C)(C)C)[Si](C)(C)C)COC(=O)OC(C)(C)C
61,1t+2b,3tb,26,15,C(C=C)O.[SiH](c1ccccc1)(C)C>>C(CC[Si](c1ccccc1)(C)C)O
62,1t+2c,3tc,32,33,C(C=C)O.[SiH](c1ccccc1)(c1ccccc1)C>>C(CC[Si](c1ccccc1)(c1ccccc1)C)O
63,1t+2d,3td,40,42,C(C=C)O.[SiH](c1ccccc1)(c1ccccc1)c1ccccc1>>C(CC[Si](c1ccccc1)(c1ccccc1)c1ccccc1)O
64,1t+2e,3te,96,0,C(C=C)O.[SiH]([Si](C)(C)C)([Si](C)(C)C)[Si](C)(C)C>>C(C[Si]([Si](C)(C)C)([Si](C)(C)C)[Si](C)(C)C)CO
65,1u+2b,3ub,21,25,C(C=C)N([Si](C)(C)C)[Si](C)(C)C.[SiH](c1ccccc1)(C)C>>C(CC[Si](c1ccccc1)(C)C)N([Si](C)(C)C)[Si](C)(C)C
66,1u+2c,3uc,30,29,C(C=C)N([Si](C)(C)C)[Si](C)(C)C.[SiH](c1ccccc1)(c1ccccc1)C>>C(CC[Si](c1ccccc1)(c1ccccc1)C)N([Si](C)(C)C)[Si](C)(C)C
67,1u+2d,3ud,43,36,C(C=C)N([Si](C)(C)C)[Si](C)(C)C.[SiH](c1ccccc1)(c1ccccc1)c1ccccc1>>C(CC[Si](c1ccccc1)(c1ccccc1)c1ccccc1)N([Si](C)(C)C)[Si](C)(C)C
68,1u+2e,3ue,72,0,C(C=C)N([Si](C)(C)C)[Si](C)(C)C.[SiH]([Si](C)(C)C)([Si](C)(C)C)[Si](C)(C)C>>C(C[Si]([Si](C)(C)C)([Si](C)(C)C)[Si](C)(C)C)CN([Si](C)(C)C)[Si](C)(C)C
69,1v+2e,3ve,93,90,C(C=C)NC(=O)OC(C)(C)C.[SiH]([Si](C)(C)C)([Si](C)(C)C)[Si](C)(C)C>>C(C[Si]([Si](C)(C)C)([Si](C)(C)C)[Si](C)(C)C)CNC(=O)OC(C)(C)C
70,1w+2e,3we,70,67,C(C=C)N.[SiH]([Si](C)(C)C)([Si](C)(C)C)[Si](C)(C)C>>C(C[Si]([Si](C)(C)C)([Si](C)(C)C)[Si](C)(C)C)CN
